id,name,country,email,phone_number
1,Amy Weaver,Slovakia (Slovak Republic),john45@example.org,360-386-3991x821
2,Isaac Richardson,Congo,ihaynes@example.org,+1-399-317-5592x843
3,Theresa Schmitt,South Georgia and the South Sandwich Islands,jennifer95@example.com,829.664.6868
4,Misty Robinson,Grenada,dave99@example.net,3796356651
5,Jeffrey Jones,Montenegro,bennettmichelle@example.org,418-698-7080x9193
6,Megan Jones,South Africa,evan34@example.com,2468478826
7,Nicholas Marquez,Sao Tome and Principe,pthornton@example.org,(886)296-0940x780
8,Laura Patterson,Brunei Darussalam,sharon39@example.org,555-893-0412
9,Erika Henderson,Saint Lucia,smithkeith@example.org,+1-411-736-7131x101
10,Kristen Lowe,Cuba,rodriguezkathleen@example.net,001-886-877-6014x7016
11,Margaret Andersen,Solomon Islands,mrhodes@example.com,252-762-1360
12,Karen Jefferson,Pakistan,brandyberry@example.net,+1-735-514-1214x7478
13,Danny Campbell,Poland,dunnmichael@example.org,709.877.9708x93762
14,Briana Harmon,Ecuador,rgonzalez@example.net,864-201-6394x41306
15,Amanda Harper,Mongolia,jennifersantos@example.net,001-596-516-7054x26055
16,Angel White,Austria,harmonmichael@example.net,(954)506-9664x089
17,Darren Russo,Haiti,madison67@example.org,845.920.1990x2966
18,Benjamin Barnett,Aruba,kristy56@example.net,700-593-1594x87137
19,Carl Maddox,Solomon Islands,millermary@example.com,784.678.5036
20,Christopher Williams,Rwanda,karenholland@example.net,4757590144
21,Mark Malone,China,maureenchaney@example.org,001-742-310-9975x1119
22,Janice Sloan,Thailand,sara64@example.com,001-509-404-5230x6973
23,Jacqueline Warren,Saint Barthelemy,donna37@example.net,580.238.7137
24,Bonnie Williams,Bouvet Island (Bouvetoya),jeanetteperry@example.org,+1-286-892-1815
25,Ryan Scott,Luxembourg,williemora@example.org,001-288-893-8635x69806
26,Tanya Bates,Marshall Islands,lbright@example.com,262.649.3111
27,Ryan Owens,Russian Federation,davidcantu@example.net,(828)393-9546x8819
28,Jenny Thomas,Madagascar,zlewis@example.org,269.438.9702x5950
29,Charles Walker,Saudi Arabia,kevin88@example.com,(646)941-4653x236
30,Lauren Hayes,Eritrea,kellysingleton@example.net,2463474606
31,Debra Jefferson,El Salvador,nicole09@example.net,686.522.3729x43287
32,Tony Underwood,Mongolia,kwilliams@example.com,631.936.7838x0782
33,Evelyn Steele,India,bradleyjenkins@example.com,+1-847-939-7551
34,Tammie Porter,Chile,sethortiz@example.com,(224)272-7923x2593
35,Shelly Lewis,Bahrain,brettswanson@example.com,836.727.4177x96679
36,Thomas Johnson,Macao,gillespiedebra@example.com,966-567-9811x88097
37,Brandon Jimenez,Mexico,ljones@example.net,3199644254
38,Justin Molina,Jersey,lynchkenneth@example.net,610.550.8421x757
39,Chris Walker,Cape Verde,maureengomez@example.net,651-739-3775x48511
40,Anna Gross,Hungary,yfields@example.com,420.886.7834x0249
41,John Lewis,Aruba,brandonbrewer@example.com,001-375-235-4588x767
42,Matthew Reed,Malta,andrea14@example.org,(534)719-0358x824
43,Michael Patterson,Liechtenstein,pjackson@example.org,754-510-5144x94239
44,Jordan Flowers,Mongolia,hschroeder@example.org,929.724.1050
45,John Richardson,Venezuela,nicholascollins@example.com,(769)401-5280x01813
46,Scott Davis,San Marino,amyhooper@example.org,+1-973-570-2616x84114
47,Garrett Elliott,Turks and Caicos Islands,marco86@example.org,385-769-3617x18365
48,Chelsea Aguirre,Angola,jacob10@example.com,651-769-4633x741
49,Christopher Charles,France,luis33@example.net,966.201.9940x227
50,Michelle Barr,Burundi,ramirezalejandro@example.org,471.999.5862
51,Charles Velazquez,Ghana,brian89@example.com,875.919.7602x767
52,Alex Robinson,Malawi,cbrooks@example.org,6229631917
53,Joe Long,Palestinian Territory,nsmith@example.org,(876)383-7861
54,Johnny Pitts,Saudi Arabia,dperry@example.com,+1-691-907-6018
55,Monica Johnston,Sweden,guerreronicholas@example.com,(342)896-8969
56,Zachary Chung,Germany,kathysanders@example.org,001-289-654-2244
57,Joshua Miller,Congo,rebecca31@example.com,383.431.7932
58,Terry Watson,Uruguay,xdouglas@example.org,367.590.7578
59,Patrick Wilson,Madagascar,nicholas13@example.org,001-350-610-2169x62393
60,Luis Cole,Bulgaria,nicholasgonzalez@example.com,001-683-590-6349x95378
61,Monica Martin,Guatemala,fisherjohn@example.com,001-349-873-9419x9467
62,Sheila Little,Nepal,bbrown@example.org,(436)784-1135x4564
63,Michael Cuevas,Fiji,danielwells@example.net,4749328395
64,Alyssa Riley,French Polynesia,noah46@example.net,553-921-9252
65,Thomas Hayes,Pakistan,jonesryan@example.org,292.862.8998
66,Lawrence Alexander,Korea,williamwilliams@example.net,9115089092
67,Christopher Ramsey,Kyrgyz Republic,dave37@example.net,413.257.3133
68,Sharon Martinez,Mayotte,moorekimberly@example.net,833.907.4400x06909
69,Sandra Stein,Niger,barbara55@example.com,001-979-349-3459x90586
70,Michael Adams,Oman,lmcbride@example.com,001-639-311-6103
71,Elizabeth Hammond,Senegal,stacyjennings@example.com,(910)912-1231
72,Leslie Russell,Seychelles,jesus73@example.org,+1-478-617-0767x743
73,Donna Myers,Morocco,aaronfreeman@example.com,4796198709
74,Edward Smith,Kenya,marypowell@example.net,579.687.6616x624
75,Sean Hunt,French Southern Territories,sotokatie@example.com,+1-561-806-4290x22547
76,Matthew Robles,Burundi,kimberly42@example.com,749.825.2051
77,William Irwin PhD,Comoros,kristin76@example.net,001-550-259-6981x69611
78,Kurt Sanchez,Marshall Islands,walterantonio@example.net,363-472-7323x7140
79,Christopher Peters,Spain,richardbrown@example.org,956-318-6814
80,Bridget Hunt,Ecuador,anthonybrown@example.org,615-654-1829x3377
81,Lisa Stanton,Sao Tome and Principe,jjackson@example.org,777-605-0993
82,Victoria Thomas,Czech Republic,qyoung@example.net,001-635-739-6637x468
83,Janet Murphy,Congo,angelawright@example.org,814-329-5145
84,Jennifer Riley,Turks and Caicos Islands,wwalker@example.net,001-869-485-6536
85,Amanda Reyes,Belize,james93@example.com,828-531-4591x19883
86,Jennifer Hensley,Cayman Islands,stephanie14@example.org,9269312516
87,Brenda Anderson,Samoa,robert67@example.net,+1-825-379-0070x671
88,Larry Meadows,Oman,melissa84@example.com,001-648-243-8185x7030
89,Amanda Baker,Yemen,uparker@example.com,(755)961-2305
90,John Anderson,Central African Republic,emedina@example.net,+1-824-579-2363
91,Paula Khan,Ireland,jennifermclean@example.net,669-797-0508x32366
92,Patricia Cruz,Korea,bweiss@example.org,001-330-551-3213
93,Samantha Rodriguez,Congo,elizabeththompson@example.net,(539)869-0218
94,Brian Barnes,Northern Mariana Islands,jamie28@example.org,+1-376-408-8106
95,Devon Grant,Reunion,joshua86@example.com,+1-303-242-8691x463
96,Eric Kelly,Liberia,kari25@example.org,998.686.1268x75442
97,Sean Roberts,Qatar,walkerhunter@example.net,(278)899-8658x28153
98,Kevin Reyes,Syrian Arab Republic,sean14@example.org,+1-854-669-3363x148
99,Stephanie Murray,Seychelles,gileskrista@example.com,001-458-320-2415x0161
100,Mary Gray,South Africa,amyfoley@example.net,001-251-483-7808x821